{
    "iou_score": 0.04512450191355461,
    "recall_score": 0.7976012175959286,
    "precision_score": 0.04538893325419158
}